"q15_t *ip_b0 = input_b;","ip_b0 = input_b;"
"const q15_t *ip_b1 = ip_b0 + num_col_a;","ip_b1 = ip_b0 + num_col_a;"
"const q31_t *ip31_b0 = ip_b0;","ip31_b0 = ip_b0;"
"const q31_t *ip31_b1 = ip_b1;","ip31_b1 = ip_b1;"
"const float scale_0 = scales[0];","scale_0 = scales[0];"
"const float scale_1 = scales[1];","scale_1 = scales[1];"
"const q15_t *ksrc2 = ksrc + 27;","ksrc2 = ksrc + 27;"
"q31_t *ksrc_31 = ksrc;","ksrc_31 = ksrc;"
"q31_t *ksrc2_31 = ksrc2;","ksrc2_31 = ksrc2;"
"q31_t ch_0_out_0 = *bias;","ch_0_out_0 = *bias;"
"q31_t ch_0_out_1 = *bias++;","ch_0_out_1 = *bias++;"
"q31_t ch_1_out_0 = *bias;","ch_1_out_0 = *bias;"
"q31_t ch_1_out_1 = *bias++;","ch_1_out_1 = *bias++;"
"q31_t a01, a02, a11, a12;",""
"q31_t b0 = arm_nn_read_q15x2_ia(&ip_b0);","b0 = arm_nn_read_q15x2_ia(&ip_b0);"
"q31_t b1 = arm_nn_read_q15x2_ia(&ip_b1);","b1 = arm_nn_read_q15x2_ia(&ip_b1);"
"q31_t _b0 = *ip_b0++;","_b0 = *ip_b0++;"
"q31_t _b1 = *ip_b1++;","_b1 = *ip_b1++;"
